id,first_name,last_name,Job Title,Country,Car Make,Color
1,Robina,Blazeby,Staff Accountant IV,Russia,Mitsubishi,Pink
2,Mohammed,Button,VP Marketing,Philippines,Scion,Purple
3,Phaedra,Eggerton,Help Desk Operator,France,GMC,Turquoise
4,Kippie,Thompkins,Senior Cost Accountant,Indonesia,Ford,Indigo
5,Cristina,Netting,Recruiting Manager,Saudi Arabia,Aston Martin,Goldenrod
6,Leif,Taile,Social Worker,China,Nissan,Yellow
7,Giorgi,Logie,Teacher,Finland,Volvo,Khaki
8,Thalia,Shipton,Community Outreach Specialist,Iran,Acura,Indigo
9,Nathalia,Drummer,Accountant IV,China,Chevrolet,Orange
10,Jedidiah,Lethebridge,Pharmacist,Japan,Ford,Red
11,Vincents,Birt,Speech Pathologist,Czech Republic,Mazda,Indigo
12,Sigismondo,Poleye,Junior Executive,Indonesia,Toyota,Crimson
13,Sanderson,Rotter,Librarian,Venezuela,Saturn,Green
14,Pail,Scotsbrook,Senior Sales Associate,Indonesia,BMW,Goldenrod
15,Marlene,Bartoszinski,Editor,China,BMW,Goldenrod
16,Lizabeth,Bohlin,Actuary,Indonesia,Ford,Yellow
17,Kathye,Westphalen,Software Consultant,China,Audi,Aquamarine
18,Max,Lakeland,Database Administrator III,Philippines,BMW,Turquoise
19,Hakim,De Ruggero,Account Coordinator,France,Dodge,Indigo
20,Frances,Cowden,Professor,Belarus,Volvo,Goldenrod
21,Minnaminnie,Grcic,Structural Engineer,Greece,Buick,Puce
22,Edita,Gaynes,Sales Representative,China,Ford,Violet
23,Nicolis,Buey,Geological Engineer,Peru,Infiniti,Puce
24,Norene,Wieprecht,General Manager,France,Audi,Khaki
25,Ekaterina,Lamy,Technical Writer,Indonesia,Porsche,Indigo
26,Vladamir,Bendin,Civil Engineer,China,Nissan,Aquamarine
27,Jennette,Mulhill,Structural Analysis Engineer,Ukraine,GMC,Mauv
28,Cora,Burnip,Structural Engineer,China,GMC,Aquamarine
29,Demeter,Helliwell,Safety Technician I,China,Chevrolet,Khaki
30,Demetria,Alwen,Assistant Media Planner,China,Ford,Purple
31,Waldemar,Fitzer,Geologist IV,Indonesia,Toyota,Maroon
32,Garnet,Plumm,Software Consultant,South Africa,Dodge,Turquoise
33,Casper,Caldow,Environmental Specialist,Brazil,Mercedes-Benz,Pink
34,Belinda,Deamer,Civil Engineer,Indonesia,Mercedes-Benz,Orange
35,Nerte,Athelstan,Social Worker,China,Mercedes-Benz,Violet
36,Clarice,Jaskowicz,Legal Assistant,Czech Republic,Lexus,Orange
37,Selie,Stead,Dental Hygienist,China,Mercedes-Benz,Fuscia
38,Westleigh,Luckcock,Help Desk Operator,Myanmar,Mitsubishi,Yellow
39,Abigail,Mayworth,Senior Financial Analyst,France,Mercedes-Benz,Turquoise
